,unit_id,state,years_and_puborpriv,test_scores_required
0,100654,AL,1,1
1,100663,AL,1,1
2,100706,AL,1,1
3,100724,AL,1,1
4,100751,AL,1,1
5,100830,AL,1,1
6,100858,AL,1,1
7,100937,AL,2,5
8,101189,AL,2,1
9,101365,AL,2,2
10,101435,AL,2,1
11,101480,AL,1,1
12,101541,AL,2,1
13,101587,AL,1,1
14,101648,AL,4,1
15,101693,AL,2,1
16,101709,AL,1,1
17,101879,AL,1,1
18,101912,AL,2,1
19,102049,AL,2,1
20,102094,AL,1,1
21,102234,AL,2,1
22,102270,AL,2,2
23,102368,AL,1,1
24,102377,AL,2,1
25,102553,AK,1,2
26,102614,AK,1,1
27,102632,AK,1,2
28,102669,AK,2,2
29,102845,WA,3,3
30,103893,AZ,6,3
31,103927,AZ,6,3
32,104151,AZ,1,1
33,104179,AZ,1,5
34,104586,AZ,2,5
35,104717,AZ,3,2
36,105330,AZ,1,2
37,105589,AZ,2,5
38,105899,AZ,2,1
39,106245,AR,1,1
40,106342,AR,2,1
41,106397,AR,1,1
42,106412,AR,1,1
43,106458,AR,1,1
44,106467,AR,1,2
45,106546,AR,5,1
46,106704,AR,1,1
47,106713,AR,2,1
48,107044,AR,2,1
49,107071,AR,1,1
50,107080,AR,2,1
51,107141,AR,2,1
52,107512,AR,2,1
53,107558,AR,2,5
54,107585,AR,4,2
55,107877,AR,2,1
56,107983,AR,1,1
57,108852,CA,5,3
58,109086,CA,2,3
59,109651,CA,2,3
60,109785,CA,2,1
61,110097,CA,2,1
62,110361,CA,2,1
63,110370,CA,2,3
64,110404,CA,2,1
65,110413,CA,2,1
66,110422,CA,1,1
67,110468,CA,3,3
68,110486,CA,1,2
69,110495,CA,1,2
70,110510,CA,1,1
71,110529,CA,1,1
72,110538,CA,1,1
73,110547,CA,1,2
74,110556,CA,1,1
75,110565,CA,1,1
76,110574,CA,1,2
77,110583,CA,1,1
78,110592,CA,1,1
79,110608,CA,1,1
80,110617,CA,1,1
81,110635,CA,1,1
82,110644,CA,1,1
83,110653,CA,1,1
84,110662,CA,1,1
85,110671,CA,1,1
86,110680,CA,1,1
87,110705,CA,1,1
88,110714,CA,1,1
89,110918,CA,2,2
90,111081,CA,2,3
91,111188,CA,1,2
92,111638,CA,5,3
93,111948,CA,2,1
94,111966,CA,2,1
95,112075,CA,2,1
96,112084,CA,2,1
97,112260,CA,2,1
98,112394,CA,3,2
99,113537,CA,2,3
100,113582,CA,3,3
101,113698,CA,2,1
102,114354,CA,3,2
103,114390,CA,3,2
104,114415,CA,6,2
105,114813,CA,2,1
106,115409,CA,2,1
107,115728,CA,2,1
108,115755,CA,1,1
109,116712,CA,2,3
110,116846,CA,2,2
111,117104,CA,2,1
112,117140,CA,2,1
113,117168,CA,2,2
114,117627,CA,2,1
115,117751,CA,2,5
116,117946,CA,2,1
117,118161,CA,9,3
118,118198,CA,6,3
119,118693,CA,2,1
120,118888,CA,2,5
121,119173,CA,2,1
122,119270,CA,3,2
123,119775,CA,3,3
124,120078,CA,6,3
125,120184,CA,2,1
126,120254,CA,2,1
127,120403,CA,2,5
128,120537,CA,2,1
129,120661,CA,6,3
130,120768,CA,2,3
131,120865,CA,2,1
132,120883,CA,2,1
133,121150,CA,2,1
134,121257,CA,2,3
135,121309,CA,2,1
136,121345,CA,2,1
137,121691,CA,2,1
138,122409,CA,1,1
139,122436,CA,2,1
140,122454,CA,2,3
141,122506,CA,2,3
142,122597,CA,1,1
143,122612,CA,2,1
144,122728,CA,2,1
145,122755,CA,1,1
146,122931,CA,2,1
147,123165,CA,2,1
148,123280,CA,2,2
149,123457,CA,2,1
150,123554,CA,2,1
151,123572,CA,1,1
152,123651,CA,2,1
153,123679,CA,6,3
154,123961,CA,2,1
155,124292,CA,2,1
156,124706,CA,6,3
157,124937,CA,6,3
158,125532,CA,6,3
159,125727,CA,2,1
160,125763,CA,2,5
161,125897,CA,2,5
162,126076,CA,2,3
163,126182,CO,1,1
164,126359,CO,6,3
165,126562,CO,1,1
166,126580,CO,1,1
167,126614,CO,1,1
168,126678,CO,2,2
169,126687,CO,6,3
170,126775,CO,1,1
171,126784,CO,6,3
172,126818,CO,1,1
173,127060,CO,2,1
174,127185,CO,1,1
175,127556,CO,1,1
176,127565,CO,1,1
177,127653,CO,2,3
178,127741,CO,1,1
179,127918,CO,2,1
180,127954,CO,2,3
181,128106,CO,1,1
182,128328,CO,1,1
183,128391,CO,1,1
184,128498,CT,2,5
185,128586,NY,2,3
186,128744,CT,2,1
187,128771,CT,1,1
188,128902,CT,2,5
189,129020,CT,1,1
190,129215,CT,1,2
191,129242,CT,2,3
192,129525,CT,2,5
193,129774,CT,2,3
194,129941,CT,2,1
195,130183,CT,3,2
196,130226,CT,2,5
197,130253,CT,2,3
198,130314,CT,2,5
199,130493,CT,1,1
200,130590,CT,2,5
201,130624,CT,1,5
202,130697,CT,2,2
203,130776,CT,1,2
204,130794,CT,2,1
205,130934,DE,1,1
206,130943,DE,1,1
207,130989,DE,2,2
208,131098,DE,2,1
209,131159,DC,2,5
210,131283,DC,2,3
211,131450,DC,2,1
212,131469,DC,2,5
213,131496,DC,2,1
214,131520,DC,2,1
215,131830,DC,5,3
216,131876,DC,2,2
217,132408,FL,2,1
218,132471,FL,2,1
219,132657,FL,2,5
220,132842,FL,2,3
221,132879,FL,2,1
222,132903,FL,1,1
223,133492,FL,2,1
224,133526,FL,2,1
225,133553,FL,2,5
226,133650,FL,1,1
227,133669,FL,1,1
228,133711,FL,2,5
229,133809,FL,2,1
230,133845,FL,6,3
231,133854,FL,6,3
232,133863,FL,6,3
233,133872,FL,2,1
234,133881,FL,2,1
235,133951,FL,1,1
236,133979,FL,2,2
237,134079,FL,2,1
238,134097,FL,1,1
239,134130,FL,1,1
240,134945,FL,2,5
241,135364,GA,2,3
242,135726,FL,2,1
243,136172,FL,1,1
244,136215,FL,2,1
245,136330,FL,2,1
246,136774,FL,2,3
247,136950,FL,2,2
248,137032,FL,2,5
249,137272,FL,2,3
250,137351,FL,1,1
251,137476,FL,2,1
252,137546,FL,2,2
253,137564,FL,2,5
254,137847,FL,2,1
255,137953,FL,2,1
256,137962,FL,2,1
257,138275,FL,2,5
258,138293,FL,2,1
259,138354,FL,1,1
260,138558,GA,1,1
261,138600,GA,2,2
262,138716,GA,1,1
263,138761,GA,2,1
264,138868,GA,2,5
265,138947,GA,2,1
266,139144,GA,2,1
267,139199,GA,2,5
268,139205,GA,2,5
269,139214,GA,6,3
270,139250,GA,1,1
271,139311,GA,1,2
272,139366,GA,1,1
273,139393,GA,2,1
274,139630,GA,2,1
275,139658,GA,2,1
276,139719,GA,1,1
277,139755,GA,1,1
278,139764,GA,1,1
279,139861,GA,1,1
280,139931,GA,1,1
281,139940,GA,1,1
282,139959,GA,1,1
283,139968,GA,1,1
284,140234,GA,2,1
285,140252,GA,2,1
286,140340,GA,2,2
287,140447,GA,2,1
288,140553,GA,2,1
289,140696,GA,2,1
290,140720,GA,2,1
291,140818,GA,2,1
292,140872,GA,2,1
293,140951,GA,2,1
294,140960,GA,1,1
295,140988,GA,2,1
296,141060,GA,2,1
297,141167,GA,2,2
298,141185,GA,2,1
299,141237,GA,2,1
300,141264,GA,1,1
301,141325,GA,2,1
302,141334,GA,1,1
303,141361,GA,2,1
304,141486,HI,2,1
305,141565,HI,1,1
306,141574,HI,1,1
307,141644,HI,2,1
308,141981,HI,1,5
309,142054,ID,6,3
310,142090,ID,2,1
311,142115,ID,1,1
312,142285,ID,1,1
313,142294,ID,2,2
314,142328,ID,1,1
315,142461,ID,2,1
316,142522,ID,2,1
317,143048,IL,2,1
318,143084,IL,2,2
319,143118,IL,2,1
320,143288,IL,2,1
321,143358,IL,2,1
322,144005,IL,1,1
323,144050,IL,2,5
324,144281,IL,2,2
325,144351,IL,2,1
326,144740,IL,2,2
327,144892,IL,1,1
328,144962,IL,2,1
329,144971,IL,2,1
330,145239,IL,6,3
331,145336,IL,1,1
332,145354,IL,5,1
333,145372,IL,2,1
334,145497,IL,2,5
335,145600,IL,1,1
336,145619,IL,2,1
337,145637,IL,1,1
338,145646,IL,2,1
339,145691,IL,2,2
340,145725,IL,2,1
341,145813,IL,1,1
342,146339,IL,2,1
343,146427,IL,2,2
344,146481,IL,2,2
345,146612,IL,2,1
346,146667,IL,2,1
347,146676,IL,2,5
348,146719,IL,2,1
349,146755,IL,2,3
350,146825,IL,2,1
351,147013,IL,2,1
352,147129,IL,2,1
353,147165,IL,3,3
354,147244,IL,2,1
355,147341,IL,2,1
356,147369,IL,2,2
357,147536,IL,2,3
358,147660,IL,2,1
359,147679,IL,2,1
360,147703,IL,1,1
361,147767,IL,2,1
362,147776,IL,1,1
363,147828,IL,2,1
364,148016,IL,2,1
365,148131,IL,2,1
366,148335,IL,2,2
367,148405,IL,2,1
368,148487,IL,2,1
369,148496,IL,2,1
370,148584,IL,2,1
371,148627,IL,2,1
372,148654,IL,1,1
373,148955,IL,8,3
374,149028,IL,2,3
375,149222,IL,1,1
376,149231,IL,1,1
377,149310,IL,6,3
378,149329,IL,2,3
379,149505,IL,2,1
380,149514,IL,2,1
381,149639,IL,2,1
382,149772,IL,1,1
383,149781,IL,2,1
384,150048,IN,5,5
385,150066,IN,2,1
386,150136,IN,1,2
387,150145,IN,2,1
388,150163,IN,2,1
389,150400,IN,2,1
390,150455,IN,2,5
391,150534,IN,2,5
392,150604,IN,2,1
393,150668,IN,2,1
394,150677,IN,2,1
395,150756,IN,2,5
396,150774,IN,2,1
397,150941,IN,2,1
398,151102,IN,1,1
399,151111,IN,1,1
400,151263,IN,2,1
401,151290,IN,2,1
402,151306,IN,1,1
403,151324,IN,1,1
404,151333,IN,1,1
405,151342,IN,1,1
406,151351,IN,1,1
407,151360,IN,1,1
408,151379,IN,1,1
409,151388,IN,1,1
410,151458,IN,6,3
411,151467,IN,6,3
412,151777,IN,2,3
413,151786,IN,2,1
414,151801,IN,2,1
415,152080,IN,2,1
416,152099,IN,2,1
417,152318,IN,2,1
418,152336,IN,2,1
419,152381,IN,2,1
420,152390,IN,2,1
421,152497,IN,5,1
422,152530,IN,2,1
423,152567,IN,2,1
424,152600,IN,2,1
425,152673,IN,2,1
426,152798,IA,2,3
427,153001,IA,2,1
428,153108,IA,2,1
429,153126,IA,2,1
430,153144,IA,2,1
431,153162,IA,2,5
432,153241,IA,2,2
433,153250,IA,2,1
434,153269,IA,2,1
435,153278,IA,2,1
436,153302,IA,2,1
437,153320,IA,2,5
438,153366,IA,2,1
439,153375,IA,2,1
440,153384,IA,2,1
441,153603,IA,1,1
442,153621,IA,2,1
443,153658,IA,1,1
444,153825,IA,2,1
445,153834,IA,2,1
446,153861,IA,2,3
447,153977,IA,2,5
448,154004,IA,2,1
449,154013,IA,2,1
450,154095,IA,1,1
451,154101,IA,2,1
452,154235,IA,2,1
453,154262,IA,2,2
454,154350,IA,2,1
455,154493,IA,2,1
456,154518,IA,3,1
457,154527,IA,2,1
458,154590,IA,2,5
459,154688,KS,2,1
460,154712,KS,2,1
461,154721,KS,2,1
462,154749,KS,2,5
463,155025,KS,1,1
464,155061,KS,1,2
465,155070,KS,2,2
466,155089,KS,2,1
467,155140,KS,1,1
468,155283,MO,3,3
469,155317,KS,1,1
470,155335,KS,2,1
471,155399,KS,1,2
472,155414,KS,2,1
473,155423,KS,7,3
474,155496,KS,2,1
475,155511,KS,2,1
476,155520,KS,2,5
477,155627,KS,2,1
478,155681,KS,1,1
479,155812,KS,2,1
480,155900,KS,2,1
481,155937,KS,2,1
482,155973,KS,2,1
483,156125,KS,1,1
484,156189,KY,2,1
485,156213,KY,2,2
486,156286,KY,2,1
487,156295,KY,2,1
488,156356,KY,2,5
489,156365,KY,2,1
490,156408,KY,2,1
491,156541,KY,2,1
492,156620,KY,1,1
493,156745,KY,2,1
494,157030,KY,2,1
495,157058,KY,1,1
496,157076,KY,2,1
497,157085,KY,1,1
498,157100,KY,2,1
499,157289,KY,1,1
500,157377,KY,2,1
501,157386,KY,1,1
502,157401,KY,1,1
503,157447,KY,1,1
504,157748,KY,2,1
505,157757,KY,2,1
506,157809,KY,2,1
507,157818,KY,2,5
508,157863,KY,2,1
509,157951,KY,1,1
510,158477,LA,2,1
511,158802,LA,2,2
512,159009,LA,1,1
513,159382,LA,1,1
514,159391,LA,1,1
515,159416,LA,1,1
516,159568,LA,2,1
517,159647,LA,1,1
518,159656,LA,2,1
519,159717,LA,1,1
520,159939,LA,1,1
521,159966,LA,1,1
522,159993,LA,1,1
523,160038,LA,1,1
524,160065,LA,2,5
525,160074,LA,2,1
526,160612,LA,1,1
527,160621,LA,1,1
528,160630,LA,1,1
529,160658,LA,1,1
530,160755,LA,2,1
531,160904,LA,2,1
532,160959,ME,2,3
533,160977,ME,2,3
534,161004,ME,2,3
535,161022,ME,2,1
536,161086,ME,2,5
537,161226,ME,1,3
538,161235,ME,1,1
539,161253,ME,1,1
540,161299,ME,1,1
541,161341,ME,1,2
542,161457,ME,2,5
543,161509,ME,2,5
544,161518,ME,2,5
545,161554,ME,1,1
546,161572,ME,2,2
547,161873,MD,1,1
548,162007,MD,1,5
549,162061,MD,2,1
550,162210,MD,2,1
551,162283,MD,1,1
552,162584,MD,1,1
553,162654,MD,2,2
554,162760,MD,2,2
555,162928,MD,2,1
556,163046,MD,2,3
557,163268,MD,1,1
558,163286,MD,1,1
559,163295,MD,2,1
560,163338,MD,1,1
561,163453,MD,1,1
562,163462,MD,2,1
563,163532,MD,2,2
564,163578,MD,2,5
565,163851,MD,1,2
566,163912,MD,1,1
567,163976,MD,2,5
568,164076,MD,1,1
569,164155,MD,1,1
570,164173,MD,2,1
571,164216,MD,2,2
572,164270,MD,2,5
573,164368,MA,2,3
574,164447,MA,2,5
575,164465,MA,2,1
576,164492,MA,2,3
577,164535,MA,7,3
578,164562,MA,2,3
579,164580,MA,2,1
580,164614,MA,2,1
581,164632,MA,2,5
582,164641,MA,3,3
583,164720,MA,2,1
584,164739,MA,2,1
585,164748,MA,2,3
586,164924,MA,2,1
587,164988,MA,2,1
588,165015,MA,2,1
589,165024,MA,1,5
590,165060,MA,5,3
591,165264,MA,2,5
592,165334,MA,2,3
593,165529,MA,2,1
594,165574,MA,2,5
595,165608,MA,7,3
596,165644,MA,2,1
597,165662,MA,2,5
598,165671,MA,2,5
599,165699,MA,2,2
600,165802,MA,2,2
601,165820,MA,1,5
602,165866,MA,1,1
603,165936,MA,2,1
604,166018,MA,2,3
605,166027,MA,2,1
606,166054,MA,2,5
607,166124,MA,2,3
608,166391,MA,2,5
609,166452,MA,2,1
610,166489,MA,2,3
611,166513,MA,1,1
612,166629,MA,1,1
613,166638,MA,1,5
614,166656,MA,2,1
615,166674,MA,1,3
616,166683,MA,2,1
617,166692,MA,1,1
618,166850,MA,2,3
619,166939,MA,2,5
620,167057,MA,2,3
621,167224,MA,9,3
622,167251,MA,2,2
623,167260,MA,2,2
624,167288,MA,1,1
625,167358,MA,2,1
626,167394,MA,2,1
627,167455,MA,2,3
628,167598,MA,2,2
629,167677,MA,2,3
630,167729,MA,1,5
631,167783,MA,2,1
632,167792,MA,2,3
633,167835,MA,2,3
634,167871,MA,7,3
635,167899,MA,2,1
636,167987,MA,1,1
637,167996,MA,2,3
638,168005,MA,2,1
639,168148,MA,2,1
640,168218,MA,2,1
641,168227,MA,2,1
642,168254,MA,2,5
643,168263,MA,1,1
644,168281,MA,2,5
645,168290,MA,2,3
646,168342,MA,2,1
647,168421,MA,2,3
648,168430,MA,1,2
649,168528,MI,2,1
650,168546,MI,2,1
651,168591,MI,2,1
652,168740,MI,2,1
653,168786,MI,2,1
654,168847,MI,2,2
655,169080,MI,2,1
656,169248,MI,1,1
657,169327,MI,2,1
658,169363,MI,2,1
659,169442,MI,2,1
660,169479,MI,2,2
661,169655,MI,6,2
662,169716,MI,2,1
663,169798,MI,1,1
664,169910,MI,1,5
665,169947,MI,6,3
666,169983,MI,2,1
667,170000,MI,2,2
668,170037,MI,2,1
669,170082,MI,1,1
670,170286,MI,2,1
671,170301,MI,2,1
672,170532,MI,2,5
673,170639,MI,1,1
674,170675,MI,2,1
675,170806,MI,2,1
676,170967,MI,2,1
677,170976,MI,1,1
678,171100,MI,1,1
679,171128,MI,1,1
680,171137,MI,1,1
681,171146,MI,1,1
682,171456,MI,1,1
683,171492,MI,2,1
684,171571,MI,1,1
685,171599,MI,2,5
686,171881,MI,2,1
687,172033,MI,2,2
688,172051,MI,1,1
689,172264,MI,2,2
690,172334,MI,2,1
691,172440,MI,2,1
692,172644,MI,1,1
693,172699,MI,1,1
694,173045,MN,2,1
695,173124,MN,1,1
696,173142,MN,2,1
697,173160,MN,2,1
698,173258,MN,2,1
699,173300,MN,2,1
700,173328,MN,2,3
701,173452,MN,2,1
702,173647,MN,2,2
703,173665,MN,2,1
704,173902,MN,2,1
705,173920,MN,1,1
706,174020,MN,1,2
707,174066,MN,1,1
708,174075,MN,1,1
709,174127,MN,2,1
710,174154,MN,2,2
711,174233,MN,1,1
712,174251,MN,1,1
713,174358,MN,1,1
714,174437,MN,2,1
715,174491,MN,2,1
716,174525,MN,2,1
717,174747,MN,2,1
718,174783,MN,1,1
719,174792,MN,2,1
720,174817,MN,2,1
721,174844,MN,2,1
722,174862,MN,2,1
723,174899,MN,2,1
724,174914,MN,2,1
725,175005,MN,2,1
726,175078,MN,1,1
727,175227,MN,2,2
728,175272,MN,1,1
729,175342,MS,1,1
730,175421,MS,2,2
731,175430,MS,2,1
732,175616,MS,1,1
733,175856,MS,1,1
734,175980,MS,2,1
735,176017,MS,1,1
736,176035,MS,1,1
737,176044,MS,1,1
738,176053,MS,2,1
739,176080,MS,1,1
740,176318,MS,2,2
741,176372,MS,1,1
742,176406,MS,2,1
743,176479,MS,2,1
744,176628,MO,2,1
745,176770,MO,2,2
746,176789,MO,2,1
747,176947,MO,2,1
748,176965,MO,1,1
749,176983,MO,7,3
750,177038,KS,2,2
751,177056,MO,7,3
752,177083,MO,2,1
753,177117,MO,2,1
754,177144,MO,2,1
755,177214,MO,2,1
756,177339,MO,2,2
757,177418,MO,2,1
758,177542,MO,2,2
759,177746,MO,2,3
760,177816,MO,2,2
761,177931,MO,7,2
762,177968,MO,2,1
763,177986,MO,2,5
764,178004,MO,6,1
765,178059,MO,2,5
766,178183,MO,6,3
767,178208,MO,2,1
768,178244,MO,2,1
769,178341,MO,1,1
770,178369,MO,2,1
771,178396,MO,1,1
772,178402,MO,1,1
773,178411,MO,1,5
774,178420,MO,1,1
775,178466,MO,4,2
776,178615,MO,1,1
777,178624,MO,1,1
778,178679,MO,2,1
779,178697,MO,2,1
780,178767,MO,3,3
781,179043,MO,2,1
782,179052,MO,4,3
783,179159,MO,2,1
784,179256,MO,2,1
785,179265,MO,2,1
786,179326,MO,2,1
787,179548,MO,2,1
788,179557,MO,1,1
789,179566,MO,1,1
790,179867,MO,2,1
791,179894,MO,2,1
792,179946,MO,2,1
793,179955,MO,2,1
794,179964,MO,2,1
795,180106,MT,2,1
796,180258,MT,2,2
797,180416,MT,1,1
798,180461,MT,1,1
799,180489,MT,1,1
800,180522,MT,1,2
801,180595,MT,2,1
802,180692,MT,1,1
803,180832,NE,2,1
804,180878,NE,2,1
805,180984,NE,2,1
806,181002,NE,2,1
807,181020,NE,2,3
808,181127,NE,2,1
809,181215,NE,1,1
810,181297,NE,2,1
811,181330,NE,2,1
812,181376,NE,2,1
813,181394,NE,1,1
814,181446,NE,2,1
815,181464,NE,1,1
816,181543,NE,2,1
817,181604,NE,2,2
818,181738,NE,2,1
819,181853,NE,2,1
820,182281,NV,1,1
821,182290,NV,1,1
822,182458,NV,2,1
823,182634,NH,2,3
824,182670,NH,2,1
825,182795,NH,2,5
826,182917,NH,2,2
827,182980,NH,2,3
828,183026,NH,2,3
829,183044,NH,1,1
830,183062,NH,1,5
831,183071,NH,1,1
832,183080,NH,1,3
833,183211,NH,2,2
834,183239,NH,2,5
835,183248,NH,5,3
836,183275,NH,2,5
837,183822,NJ,2,5
838,183910,NJ,2,1
839,183974,NJ,2,1
840,184348,NJ,2,2
841,184603,NJ,2,3
842,184612,NJ,2,1
843,184694,NJ,2,3
844,184773,NJ,2,1
845,184782,NJ,1,1
846,184968,NJ,5,3
847,185129,NJ,1,1
848,185174,NJ,9,3
849,185262,NJ,1,1
850,185572,NJ,2,1
851,185590,NJ,1,5
852,185651,NJ,5,2
853,185679,NJ,5,2
854,185828,NJ,1,1
855,186131,NJ,2,1
856,186186,NJ,2,3
857,186201,NJ,1,1
858,186283,NJ,2,5
859,186371,NJ,1,1
860,186380,NJ,1,1
861,186399,NJ,1,1
862,186432,NJ,2,5
863,186584,NJ,2,1
864,186618,NJ,2,3
865,186867,NJ,2,5
866,186876,NJ,1,1
867,186900,NJ,2,3
868,187134,NJ,1,1
869,187444,NJ,1,1
870,187648,NM,1,1
871,187745,NM,1,2
872,187912,NM,4,5
873,187967,NM,1,1
874,187985,NM,1,1
875,188030,NM,1,1
876,188182,NM,2,2
877,188429,NY,2,1
878,188526,NY,2,1
879,188641,NY,2,1
880,188669,NY,5,3
881,188678,NY,5,3
882,188696,NY,6,3
883,188854,NY,2,2
884,188915,NY,5,3
885,188942,NY,2,3
886,189088,NY,2,3
887,189097,NY,2,1
888,189264,NY,2,3
889,189273,NY,2,3
890,189282,NY,2,2
891,189705,NY,2,1
892,189848,NY,2,5
893,189857,NY,2,3
894,190008,NY,5,3
895,190044,NY,2,1
896,190099,NY,2,1
897,190114,NY,2,2
898,190150,NY,2,1
899,190248,NY,2,5
900,190372,NY,2,1
901,190415,NY,2,1
902,190451,NY,5,2
903,190503,NY,2,2
904,190512,NY,1,1
905,190549,NY,1,1
906,190567,NY,1,1
907,190594,NY,1,1
908,190600,NY,1,1
909,190637,NY,1,1
910,190655,NY,1,2
911,190664,NY,1,1
912,190691,NY,1,1
913,190707,NY,5,3
914,190716,NY,2,1
915,190725,NY,2,2
916,190752,NY,2,3
917,190761,NY,2,5
918,190956,NY,5,5
919,190983,NY,2,3
920,191126,NY,1,3
921,191205,NY,3,2
922,191241,NY,2,1
923,191515,NY,2,1
924,191533,NY,2,5
925,191621,NY,2,3
926,191630,NY,2,5
927,191649,NY,2,5
928,191676,NY,2,5
929,191931,NY,2,1
930,191940,NY,8,3
931,191968,NY,2,3
932,192004,NY,3,3
933,192040,NY,2,1
934,192110,NY,2,3
935,192192,NY,2,5
936,192271,NY,3,5
937,192323,NY,2,5
938,192448,NY,2,1
939,192509,NY,6,3
940,192624,NY,2,3
941,192703,NY,2,1
942,192712,NY,2,3
943,192749,NY,2,3
944,192785,NY,2,2
945,192800,NY,8,5
946,192819,NY,2,3
947,192864,NY,2,1
948,192925,NY,2,5
949,192961,NY,5,3
950,193016,NY,2,3
951,193052,NY,2,3
952,193061,NY,2,3
953,193070,NY,2,3
954,193122,NY,7,3
955,193247,NY,2,3
956,193292,NY,2,1
957,193308,NY,3,2
958,193353,NY,2,1
959,193380,NY,5,3
960,193399,NY,2,1
961,193584,NY,2,3
962,193609,NY,5,3
963,193645,NY,2,1
964,193654,NY,2,5
965,193900,NY,2,1
966,193973,NY,2,5
967,194091,NY,2,1
968,194116,NY,2,1
969,194161,NY,2,1
970,194189,NY,2,3
971,194310,NY,2,1
972,194392,NY,2,2
973,194499,NY,3,3
974,194569,NY,2,3
975,194578,NY,2,1
976,194657,NY,2,3
977,194693,NY,2,3
978,194736,NY,2,3
979,194763,NY,2,3
980,194824,NY,2,1
981,194958,NY,2,1
982,195003,NY,2,1
983,195030,NY,2,5
984,195128,NY,2,3
985,195164,NY,2,1
986,195173,NY,2,3
987,195191,NY,5,2
988,195216,NY,2,5
989,195234,NY,2,3
990,195243,NY,2,1
991,195289,NY,5,3
992,195304,NY,2,5
993,195438,NY,2,3
994,195474,NY,2,2
995,195526,NY,2,5
996,195544,NY,2,1
997,195562,NY,2,1
998,195702,NY,5,2
999,195720,NY,2,1
1000,195809,NY,2,5
1001,196006,NY,1,1
1002,196015,NY,1,1
1003,196024,NY,1,1
1004,196033,NY,1,1
1005,196042,NY,1,1
1006,196051,NY,1,1
1007,196060,NY,1,1
1008,196079,NY,1,1
1009,196088,NY,1,1
1010,196097,NY,1,1
1011,196103,NY,1,1
1012,196112,NY,1,1
1013,196121,NY,1,1
1014,196130,NY,1,1
1015,196149,NY,1,5
1016,196158,NY,1,1
1017,196167,NY,1,1
1018,196176,NY,1,1
1019,196185,NY,1,1
1020,196194,NY,1,1
1021,196200,NY,1,3
1022,196219,NY,1,5
1023,196237,NY,1,1
1024,196246,NY,1,1
1025,196291,NY,1,1
1026,196413,NY,2,1
1027,196431,NY,2,3
1028,196440,NY,2,3
1029,196583,NY,2,3
1030,196592,NY,2,2
1031,196866,NY,2,3
1032,197027,NY,1,1
1033,197036,NY,1,1
1034,197045,NY,2,2
1035,197133,NY,2,1
1036,197142,NY,2,3
1037,197151,NY,3,1
1038,197197,NY,2,2
1039,197221,NY,2,1
1040,197230,NY,2,5
1041,197285,NY,3,3
1042,197601,NY,2,3
1043,197647,NY,2,3
1044,197692,NY,2,3
1045,197708,NY,2,1
1046,197735,NY,2,3
1047,197744,NY,2,3
1048,197869,NC,1,1
1049,197911,NC,2,1
1050,197984,NC,2,5
1051,197993,NC,2,1
1052,198066,NC,2,2
1053,198109,NC,2,1
1054,198136,NC,2,1
1055,198215,NC,2,1
1056,198303,NC,2,1
1057,198385,NC,2,1
1058,198419,NC,2,1
1059,198464,NC,1,1
1060,198507,NC,1,1
1061,198516,NC,2,1
1062,198543,NC,1,1
1063,198561,NC,2,1
1064,198598,NC,2,5
1065,198613,NC,2,2
1066,198695,NC,2,5
1067,198756,NC,2,1
1068,198808,NC,2,2
1069,198835,NC,2,1
1070,198862,NC,2,1
1071,198871,NC,5,1
1072,198899,NC,2,1
1073,198950,NC,2,1
1074,198969,NC,2,1
1075,199032,NC,2,1
1076,199069,NC,2,1
1077,199102,NC,1,1
1078,199111,NC,1,1
1079,199120,NC,1,1
1080,199139,NC,1,1
1081,199148,NC,1,1
1082,199157,NC,1,1
1083,199184,NC,1,1
1084,199193,NC,1,1
1085,199209,NC,2,1
1086,199218,NC,1,1
1087,199272,NC,2,1
1088,199281,NC,1,1
1089,199306,NC,2,5
1090,199412,NC,2,1
1091,199458,NC,2,1
1092,199582,NC,2,1
1093,199607,NC,2,1
1094,199643,NC,2,2
1095,199698,NC,2,1
1096,199759,NC,2,2
1097,199847,NC,2,3
1098,199865,NC,2,5
1099,199962,NC,2,1
1100,199999,NC,1,1
1101,200004,NC,1,1
1102,200059,ND,1,1
1103,200156,ND,2,1
1104,200217,ND,2,5
1105,200226,ND,1,1
1106,200253,ND,1,1
1107,200280,ND,1,1
1108,200332,ND,1,1
1109,200484,ND,2,1
1110,200572,ND,1,1
1111,200624,OH,3,2
1112,200785,OH,2,2
1113,200800,OH,1,1
1114,201061,OH,2,1
1115,201104,OH,2,1
1116,201177,OH,2,1
1117,201195,OH,2,5
1118,201371,OH,2,1
1119,201441,OH,1,1
1120,201539,OH,7,3
1121,201548,OH,2,1
1122,201645,OH,2,1
1123,201654,OH,2,1
1124,201690,OH,1,5
1125,201821,OH,2,1
1126,201858,OH,2,1
1127,201885,OH,1,1
1128,202046,OH,2,5
1129,202073,OH,2,2
1130,202134,OH,1,1
1131,202170,OH,2,2
1132,202480,OH,2,1
1133,202514,OH,2,1
1134,202523,OH,2,5
1135,202763,OH,2,1
1136,202903,OH,2,2
1137,202912,OH,2,1
1138,202985,OH,7,3
1139,203030,OH,7,3
1140,203085,OH,2,1
1141,203128,OH,2,1
1142,203368,OH,2,1
1143,203386,OH,3,3
1144,203517,OH,1,1
1145,203535,OH,2,1
1146,203544,OH,2,1
1147,203580,OH,2,5
1148,203757,OH,2,1
1149,203775,OH,2,1
1150,203845,OH,2,1
1151,203960,OH,2,2
1152,204024,OH,1,1
1153,204176,OH,2,1
1154,204185,OH,2,1
1155,204194,OH,2,1
1156,204200,OH,2,1
1157,204264,OH,2,1
1158,204468,OH,2,5
1159,204501,OH,2,1
1160,204617,OH,2,5
1161,204635,OH,2,1
1162,204796,OH,1,1
1163,204857,OH,1,1
1164,204893,OH,5,2
1165,204909,OH,2,2
1166,204936,OH,2,1
1167,205027,OH,2,2
1168,205054,OH,6,3
1169,205124,OH,2,3
1170,205391,OH,6,2
1171,205957,OH,2,1
1172,206048,OH,2,2
1173,206084,OH,1,1
1174,206330,OH,2,1
1175,206349,OH,2,1
1176,206394,OH,3,2
1177,206437,OH,2,1
1178,206491,OH,2,5
1179,206507,OH,2,1
1180,206525,OH,2,3
1181,206589,OH,2,1
1182,206604,OH,1,1
1183,206613,OH,1,1
1184,206622,OH,2,1
1185,206695,OH,1,1
1186,206817,OK,2,1
1187,206835,OK,2,1
1188,206941,OK,1,1
1189,207041,OK,1,1
1190,207157,OK,2,1
1191,207263,OK,1,1
1192,207306,OK,1,1
1193,207324,OK,2,1
1194,207388,OK,1,1
1195,207403,OK,2,1
1196,207458,OK,2,1
1197,207500,OK,1,1
1198,207582,OK,2,1
1199,207722,OK,1,5
1200,207847,OK,1,1
1201,207856,OK,2,1
1202,207865,OK,1,1
1203,207971,OK,2,1
1204,208479,OR,6,3
1205,208488,OR,2,1
1206,208512,OR,6,3
1207,208646,OR,1,1
1208,208725,OR,2,2
1209,208822,OR,2,1
1210,209056,OR,2,5
1211,209065,OR,2,5
1212,209241,OR,2,3
1213,209287,OR,2,3
1214,209409,OR,2,1
1215,209506,OR,1,1
1216,209533,OR,2,2
1217,209542,OR,1,1
1218,209551,OR,1,1
1219,209603,OR,2,3
1220,209612,OR,2,1
1221,209807,OR,1,5
1222,209825,OR,2,1
1223,209922,OR,2,1
1224,210146,OR,1,1
1225,210304,OR,2,2
1226,210331,OR,2,1
1227,210401,OR,2,2
1228,210429,OR,1,3
1229,210492,PA,2,1
1230,210571,PA,2,2
1231,210669,PA,2,5
1232,210739,PA,2,1
1233,210775,PA,2,1
1234,211024,PA,2,2
1235,211088,PA,2,1
1236,211149,PA,5,3
1237,211158,PA,1,1
1238,211273,PA,2,2
1239,211291,PA,2,1
1240,211352,PA,2,5
1241,211361,PA,1,1
1242,211431,PA,2,1
1243,211440,PA,2,1
1244,211468,PA,2,1
1245,211477,PA,3,1
1246,211556,PA,2,3
1247,211583,PA,2,1
1248,211635,PA,5,2
1249,211644,PA,1,1
1250,211802,PA,6,2
1251,211893,PA,2,2
1252,211981,PA,2,1
1253,212009,PA,2,2
1254,212054,PA,2,1
1255,212106,PA,2,1
1256,212115,PA,1,5
1257,212133,PA,2,5
1258,212160,PA,1,1
1259,212197,PA,2,1
1260,212452,MD,2,3
1261,212577,PA,2,3
1262,212601,PA,2,1
1263,212656,PA,2,1
1264,212674,PA,2,2
1265,212805,PA,2,1
1266,212832,PA,2,1
1267,212911,PA,2,1
1268,212984,PA,2,1
1269,212993,PA,3,3
1270,213011,PA,2,5
1271,213020,PA,1,1
1272,213163,PA,5,3
1273,213233,PA,5,2
1274,213251,PA,2,2
1275,213303,PA,2,5
1276,213321,PA,2,2
1277,213349,PA,1,1
1278,213358,PA,2,1
1279,213367,PA,2,2
1280,213385,PA,2,1
1281,213400,PA,2,1
1282,213507,PA,2,5
1283,213543,PA,2,1
1284,213598,PA,1,1
1285,213613,PA,1,1
1286,213622,PA,5,3
1287,213668,PA,2,1
1288,213774,PA,2,1
1289,213783,PA,1,1
1290,213826,PA,2,1
1291,213987,PA,2,3
1292,213996,PA,2,1
1293,214023,PA,5,3
1294,214041,PA,1,1
1295,214069,PA,2,1
1296,214148,PA,2,5
1297,214157,PA,2,1
1298,214166,PA,2,1
1299,214175,PA,2,5
1300,214272,PA,2,1
1301,214290,PA,6,3
1302,214476,PA,8,3
1303,214528,PA,5,3
1304,214591,PA,1,1
1305,214625,PA,1,1
1306,214634,PA,1,1
1307,214643,PA,1,1
1308,214652,PA,1,1
1309,214670,PA,1,1
1310,214689,PA,1,1
1311,214698,PA,1,1
1312,214704,PA,1,1
1313,214713,PA,1,1
1314,214731,PA,1,1
1315,214740,PA,1,1
1316,214759,PA,1,1
1317,214768,PA,1,1
1318,214777,PA,1,1
1319,214786,PA,1,1
1320,214795,PA,1,1
1321,214801,PA,1,1
1322,214810,PA,1,1
1323,214829,PA,1,1
1324,214892,PA,6,3
1325,214971,PA,2,3
1326,215053,PA,2,2
1327,215062,PA,2,1
1328,215105,PA,2,3
1329,215114,PA,2,1
1330,215132,PA,2,1
1331,215266,PA,1,1
1332,215275,PA,1,1
1333,215284,PA,1,1
1334,215293,PA,1,1
1335,215309,PA,4,1
1336,215390,PA,5,3
1337,215442,PA,2,1
1338,215594,PA,5,1
1339,215637,PA,3,2
1340,215655,PA,2,1
1341,215682,PA,5,3
1342,215691,PA,2,5
1343,215743,PA,2,1
1344,215770,PA,2,5
1345,215798,PA,2,1
1346,215929,PA,2,1
1347,215947,PA,2,2
1348,215974,PA,5,3
1349,215992,PA,6,3
1350,216010,PA,1,1
1351,216038,PA,1,1
1352,216047,PA,2,3
1353,216083,PA,6,3
1354,216278,PA,2,2
1355,216287,PA,2,1
1356,216296,PA,4,2
1357,216311,PA,2,3
1358,216339,PA,1,3
1359,216357,PA,2,1
1360,216366,PA,2,1
1361,216524,PA,2,5
1362,216542,PA,2,2
1363,216597,PA,2,1
1364,216667,PA,2,2
1365,216694,PA,2,1
1366,216764,PA,1,1
1367,216773,PA,5,2
1368,216807,PA,2,1
1369,216852,PA,2,1
1370,216931,PA,2,1
1371,217013,PA,2,1
1372,217040,PA,2,3
1373,217059,PA,2,1
1374,217156,RI,2,1
1375,217165,RI,2,3
1376,217235,RI,2,2
1377,217402,RI,2,5
1378,217420,RI,1,1
1379,217484,RI,1,1
1380,217493,RI,2,1
1381,217518,RI,2,3
1382,217536,RI,2,2
1383,217633,SC,2,1
1384,217688,SC,2,1
1385,217776,SC,2,1
1386,217819,SC,1,1
1387,217864,SC,1,1
1388,217873,SC,2,1
1389,217882,SC,1,1
1390,217907,SC,2,1
1391,217925,SC,2,1
1392,217934,SC,2,5
1393,217961,SC,2,1
1394,217998,SC,2,1
1395,218061,SC,1,1
1396,218070,SC,2,5
1397,218229,SC,1,1
1398,218238,SC,2,1
1399,218414,SC,2,1
1400,218441,SC,2,1
1401,218539,SC,2,5
1402,218645,SC,1,1
1403,218654,SC,1,1
1404,218663,SC,1,1
1405,218672,SC,4,1
1406,218681,SC,4,1
1407,218690,SC,4,1
1408,218706,SC,4,1
1409,218724,SC,1,1
1410,218733,SC,1,1
1411,218742,SC,1,1
1412,218821,SC,5,1
1413,218919,SC,2,2
1414,218964,SC,1,1
1415,218973,SC,2,5
1416,219000,SD,2,1
1417,219046,SD,1,1
1418,219082,SD,1,1
1419,219091,SD,2,1
1420,219198,SD,2,1
1421,219259,SD,1,1
1422,219295,SD,2,1
1423,219347,SD,1,1
1424,219356,SD,1,1
1425,219383,SD,2,1
1426,219471,SD,1,1
1427,219602,TN,1,1
1428,219639,TN,2,1
1429,219709,TN,2,1
1430,219718,TN,2,5
1431,219790,TN,2,1
1432,219806,TN,2,1
1433,219833,TN,2,1
1434,219903,TN,6,3
1435,219949,TN,2,1
1436,219976,TN,2,1
1437,220075,TN,1,1
1438,220181,TN,2,1
1439,220215,TN,2,1
1440,220312,TN,2,1
1441,220464,TN,5,1
1442,220473,TN,2,1
1443,220516,TN,2,5
1444,220604,TN,2,1
1445,220613,TN,2,1
1446,220631,TN,2,1
1447,220701,TN,2,1
1448,220710,TN,2,1
1449,220862,TN,1,1
1450,220978,TN,1,1
1451,221351,TN,2,1
1452,221519,TN,2,2
1453,221731,TN,2,1
1454,221740,TN,1,1
1455,221759,TN,1,1
1456,221768,TN,1,1
1457,221847,TN,1,1
1458,221892,TN,2,1
1459,221953,TN,2,1
1460,221971,TN,2,1
1461,221999,TN,2,1
1462,222178,TX,2,1
1463,222831,TX,1,1
1464,222983,TX,2,5
1465,223117,TX,2,3
1466,223232,TX,2,1
1467,223472,TX,6,3
1468,224004,TX,2,1
1469,224147,TX,1,1
1470,224226,TX,2,1
1471,224244,TX,2,1
1472,224323,TX,2,1
1473,224527,TX,2,1
1474,224545,TX,1,1
1475,224554,TX,1,1
1476,225201,TX,2,5
1477,225247,TX,2,1
1478,225399,TX,2,1
1479,225414,TX,1,1
1480,225432,TX,1,1
1481,225502,TX,1,2
1482,225511,TX,1,1
1483,225548,TX,2,1
1484,225575,TX,2,1
1485,225627,TX,2,1
1486,225991,TX,6,3
1487,226091,TX,1,1
1488,226152,TX,1,1
1489,226231,TX,2,1
1490,226383,TX,2,1
1491,226471,TX,2,1
1492,226587,TX,2,1
1493,226833,TX,1,1
1494,227216,TX,1,1
1495,227331,TX,2,1
1496,227368,TX,1,1
1497,227429,TX,2,1
1498,227526,TX,1,1
1499,227757,TX,2,1
1500,227845,TX,2,1
1501,227863,TX,2,1
1502,227881,TX,1,1
1503,228042,TX,2,1
1504,228149,TX,2,1
1505,228246,TX,2,1
1506,228325,TX,2,1
1507,228343,TX,2,1
1508,228431,TX,1,1
1509,228459,TX,1,1
1510,228468,TX,2,1
1511,228501,TX,1,5
1512,228529,TX,1,1
1513,228705,TX,1,1
1514,228723,TX,1,1
1515,228769,TX,1,1
1516,228778,TX,1,1
1517,228787,TX,1,1
1518,228796,TX,1,5
1519,228802,TX,1,1
1520,228875,TX,2,1
1521,228981,TX,2,1
1522,229018,TX,1,1
1523,229027,TX,1,1
1524,229063,TX,1,1
1525,229115,TX,1,1
1526,229160,TX,2,1
1527,229179,TX,1,1
1528,229267,TX,2,1
1529,229780,TX,2,1
1530,229814,TX,1,1
1531,229957,UT,9,3
1532,230038,UT,2,1
1533,230047,HI,2,1
1534,230603,UT,1,1
1535,230728,UT,1,1
1536,230764,UT,1,1
1537,230807,UT,2,1
1538,230816,VT,2,3
1539,230834,VT,1,1
1540,230852,VT,2,5
1541,230889,VT,2,3
1542,230898,VT,2,5
1543,230913,VT,1,5
1544,230940,VT,2,3
1545,230959,VT,2,1
1546,230995,VT,2,2
1547,231059,VT,2,2
1548,231077,VT,2,2
1549,231086,VT,2,2
1550,231095,VT,2,3
1551,231165,VT,1,2
1552,231174,VT,1,1
1553,231411,VA,6,3
1554,231420,VA,2,1
1555,231554,VA,2,1
1556,231581,VA,2,1
1557,231624,VA,1,1
1558,231651,VA,2,1
1559,231712,VA,1,5
1560,231837,VA,2,5
1561,232025,VA,2,1
1562,232043,VA,2,1
1563,232089,VA,2,1
1564,232186,VA,1,1
1565,232256,VA,2,1
1566,232265,VA,2,2
1567,232308,VA,2,1
1568,232423,VA,1,5
1569,232557,VA,2,1
1570,232566,VA,1,1
1571,232672,VA,2,1
1572,232681,VA,1,1
1573,232706,VA,2,1
1574,232937,VA,1,1
1575,232982,VA,1,1
1576,233082,VA,6,3
1577,233277,VA,1,2
1578,233295,VA,2,1
1579,233301,VA,2,1
1580,233338,VA,4,2
1581,233374,VA,2,1
1582,233408,VA,5,3
1583,233426,VA,2,1
1584,233541,VA,2,1
1585,233611,VA,2,1
1586,233718,VA,2,1
1587,233897,VA,1,1
1588,233921,VA,1,1
1589,234030,VA,1,1
1590,234076,VA,1,1
1591,234085,VA,1,1
1592,234155,VA,1,1
1593,234164,VA,2,5
1594,234173,VA,2,1
1595,234207,VA,2,1
1596,234827,WA,1,1
1597,235024,WA,2,2
1598,235097,WA,1,1
1599,235158,WA,9,3
1600,235167,WA,1,5
1601,235316,WA,2,1
1602,236133,WA,2,1
1603,236230,WA,2,1
1604,236328,WA,2,3
1605,236452,WA,2,1
1606,236577,WA,2,1
1607,236595,WA,2,1
1608,236896,WA,2,1
1609,236939,WA,1,1
1610,236948,WA,1,1
1611,237011,WA,1,1
1612,237057,WA,2,5
1613,237066,WA,2,5
1614,237118,WV,2,1
1615,237136,WV,2,1
1616,237145,WV,8,2
1617,237181,WV,2,1
1618,237215,WV,1,1
1619,237312,WV,2,1
1620,237330,WV,1,1
1621,237358,WV,2,1
1622,237367,WV,1,1
1623,237525,WV,1,1
1624,237561,WV,7,3
1625,237640,WV,2,1
1626,237792,WV,1,1
1627,237899,WV,1,1
1628,237932,WV,1,1
1629,237950,WV,1,1
1630,237969,WV,2,1
1631,238032,WV,1,1
1632,238078,WV,2,1
1633,238096,WV,7,3
1634,238193,WI,2,2
1635,238324,WI,2,1
1636,238333,WI,2,5
1637,238430,WI,2,1
1638,238458,WI,2,1
1639,238476,WI,2,5
1640,238616,WI,2,1
1641,238661,WI,2,1
1642,238980,WI,2,1
1643,239017,WI,2,5
1644,239071,WI,2,5
1645,239080,WI,2,1
1646,239105,WI,2,1
1647,239309,WI,2,2
1648,239318,WI,2,1
1649,239390,WI,2,1
1650,239512,WI,2,3
1651,239628,WI,2,5
1652,239716,WI,2,1
1653,239743,WI,2,1
1654,240107,WI,2,1
1655,240189,WI,1,1
1656,240268,WI,1,1
1657,240277,WI,1,1
1658,240329,WI,1,1
1659,240338,WI,2,1
1660,240365,WI,1,1
1661,240374,WI,1,1
1662,240392,WI,2,2
1663,240417,WI,1,1
1664,240426,WI,1,1
1665,240444,WI,1,1
1666,240453,WI,1,1
1667,240462,WI,1,1
1668,240471,WI,1,1
1669,240480,WI,1,1
1670,240727,WY,1,1
1671,241191,PR,2,2
1672,241225,PR,2,2
1673,241331,PR,2,2
1674,241395,PR,2,2
1675,241410,PR,2,2
1676,241720,PR,1,3
1677,241766,PR,1,3
1678,241836,PR,2,5
1679,241951,PR,1,2
1680,242042,PR,4,3
1681,242556,PR,4,3
1682,242565,PR,4,3
1683,242583,PR,4,3
1684,242617,PR,2,3
1685,242626,PR,2,3
1686,242635,PR,2,3
1687,242644,PR,2,3
1688,242653,PR,2,3
1689,242662,PR,2,3
1690,242680,PR,2,3
1691,242699,PR,2,3
1692,242705,PR,2,3
1693,242945,PR,9,3
1694,242954,PR,9,3
1695,242972,PR,3,3
1696,243081,PR,3,1
1697,243106,PR,1,1
1698,243115,PR,1,3
1699,243133,PR,1,3
1700,243142,PR,1,1
1701,243151,PR,1,1
1702,243179,PR,1,3
1703,243188,PR,1,3
1704,243197,PR,1,3
1705,243212,PR,1,3
1706,243221,PR,1,3
1707,243443,PR,2,3
1708,243568,PR,2,2
1709,243586,PR,2,2
1710,243638,FM,4,2
1711,243665,VI,1,5
1712,243744,CA,2,1
1713,243780,IN,1,1
1714,243799,MA,7,3
1715,243832,PR,2,3
1716,244437,GA,4,3
1717,245652,NM,2,5
1718,245777,NY,2,3
1719,246035,OR,9,3
1720,246974,CA,6,3
1721,247649,VT,2,5
1722,247773,MI,2,3
1723,248606,OK,4,2
1724,248846,CA,6,2
1725,248934,VA,3,3
1726,249566,OH,9,3
1727,250027,PA,6,3
1728,260336,MO,7,3
1729,260363,PA,7,3
1730,260813,CO,3,2
1731,262086,CA,2,3
1732,262129,FL,1,1
1733,262466,CO,8,3
1734,363934,AZ,3,2
1735,365213,OK,4,3
1736,365383,PA,7,3
1737,365763,NJ,7,3
1738,366711,CA,1,1
1739,367884,FL,2,2
1740,368407,PA,7,3
1741,368452,TN,3,2
1742,368647,WV,7,3
1743,373711,MA,7,3
1744,375966,PA,7,3
1745,376321,PR,3,3
1746,377218,TX,6,3
1747,377555,WA,1,1
1748,377564,WA,1,1
1749,378105,CA,6,3
1750,379621,NY,7,3
1751,382416,MA,7,3
1752,383525,NY,7,3
1753,384254,FL,2,3
1754,384421,NJ,2,3
1755,385619,FL,2,2
1756,386153,NY,5,3
1757,386472,FL,2,2
1758,392840,TN,2,1
1759,398130,CA,3,3
1760,399869,CA,3,3
1761,399911,CA,2,1
1762,405058,NY,2,3
1763,406422,PA,7,3
1764,407009,AZ,1,1
1765,408729,PA,6,3
1766,409698,CA,1,1
1767,414124,MA,9,3
1768,414823,FL,2,2
1769,414878,IN,2,3
1770,417442,IL,7,3
1771,417628,MO,7,3
1772,417646,MO,7,3
1773,417655,MO,7,3
1774,417673,MO,7,3
1775,417682,MO,7,3
1776,417716,MO,7,3
1777,417734,MO,2,5
1778,417752,TX,2,2
1779,417868,NY,7,3
1780,417910,NY,7,3
1781,417992,NY,7,3
1782,418010,NY,7,3
1783,418029,NY,7,3
1784,418056,NY,7,3
1785,418065,NY,7,3
1786,418427,PA,7,3
1787,418445,PA,7,3
1788,418481,PA,7,3
1789,418588,PA,7,2
1790,418603,PA,7,3
1791,419031,WV,7,3
1792,419217,FL,9,3
1793,420325,NY,2,3
1794,420574,AZ,1,1
1795,421832,NC,3,3
1796,421841,NY,6,2
1797,422695,CA,3,3
1798,426314,FL,2,2
1799,427308,NY,5,3
1800,428019,OK,7,3
1801,430485,NE,3,3
1802,430670,PR,2,3
1803,430810,NH,2,3
1804,430883,NY,7,3
1805,430971,PA,7,3
1806,431105,NY,7,3
1807,431266,VA,7,3
1808,431600,PA,5,3
1809,431983,NY,2,3
1810,432524,DE,5,2
1811,433040,MA,7,3
1812,433174,NC,1,1
1813,433536,LA,2,2
1814,433660,FL,1,1
1815,434362,WA,8,3
1816,436818,CT,1,1
1817,436827,CT,1,1
1818,436836,CT,1,1
1819,437237,RI,5,3
1820,437705,PR,5,3
1821,437732,TX,2,2
1822,437936,CA,6,3
1823,438258,CA,6,3
1824,438337,PR,9,3
1825,439118,WA,6,3
1826,439288,CO,2,2
1827,439455,OH,9,3
1828,439622,NY,7,3
1829,439701,TX,2,1
1830,439862,GU,2,3
1831,440396,ID,2,1
1832,440828,OR,1,1
1833,441487,MO,5,3
1834,441593,NY,7,3
1835,441609,NY,2,3
1836,441636,OH,3,3
1837,441742,TX,6,3
1838,441858,VA,6,3
1839,441900,NV,1,2
1840,441937,CA,1,2
1841,441982,MA,2,1
1842,442213,ME,6,3
1843,442356,PA,2,2
1844,442426,MO,3,3
1845,442602,NM,6,3
1846,442897,IN,2,5
1847,443058,OK,2,2
1848,443331,CA,3,2
1849,443410,WA,3,1
1850,443599,OR,3,2
1851,444413,NY,2,3
1852,444440,AL,9,3
1853,444644,MT,9,3
1854,445188,CA,1,1
1855,445267,MO,2,2
1856,445692,UT,3,2
1857,445708,NC,2,2
1858,446048,FL,2,1
1859,446233,AR,2,2
1860,446303,NJ,6,3
1861,446561,CA,3,3
1862,447263,UT,3,3
1863,447953,CA,2,3
1864,448309,GA,2,3
1865,448840,FL,1,1
1866,448886,AZ,1,1
1867,449384,CA,3,3
1868,449506,FL,5,3
1869,449612,LA,6,2
1870,449658,NJ,2,3
1871,449667,NY,9,3
1872,449764,TN,2,1
1873,449834,VA,2,2
1874,449861,WI,6,3
1875,449931,VA,2,3
1876,450979,CA,3,3
1877,451370,NJ,2,3
1878,451398,NJ,2,3
1879,451404,NY,2,3
1880,451671,FL,1,1
1881,454184,NY,2,1
1882,454227,IL,3,2
1883,454236,OH,3,2
1884,454245,AZ,3,2
1885,454582,KS,2,3
1886,455196,NJ,6,2
1887,455211,NV,9,3
1888,455257,NY,2,3
1889,455664,CA,2,5
1890,455770,CA,2,5
1891,456959,MN,1,1
1892,457022,OH,2,2
1893,457101,NV,6,3
1894,457110,NV,6,3
1895,457129,FL,3,2
1896,457244,CA,9,3
1897,457484,HI,2,3
1898,457925,OR,5,3
1899,458210,CA,3,2
1900,458229,CA,3,2
1901,459417,MI,2,5
1902,459842,WI,2,2
1903,459851,WI,2,2
1904,459949,TX,1,1
1905,460181,TX,6,3
1906,460190,FL,6,3
1907,460206,TX,6,3
1908,460349,RI,2,2
1909,460376,VA,2,3
1910,460385,PA,5,2
1911,460747,IL,3,3
1912,460871,VA,3,2
1913,461254,CA,9,3
1914,461333,HI,9,3
1915,461528,NC,2,3
1916,461953,CO,6,3
1917,462354,CA,2,1
1918,463056,CT,1,1
1919,464226,AZ,2,5
1920,466921,MO,3,2
1921,466930,TX,3,2
1922,475200,WA,2,3
1923,475422,NY,5,5
1924,475608,TX,2,5
1925,475635,CA,3,3
1926,475705,CA,8,3
1927,475732,GA,3,2
1928,475741,IN,3,2
1929,476601,MD,2,3
1930,476683,OH,6,3
1931,476692,NJ,2,3
1932,476887,GA,9,3
1933,477039,TX,3,3
1934,479062,RI,9,3
1935,479956,PA,1,1
1936,480134,PA,2,3
1937,480499,IA,2,2
1938,480781,CA,3,3
1939,480912,TX,3,3
1940,480985,UT,2,3
1941,481058,CA,2,3
1942,481137,WI,5,3
1943,481182,CA,7,3
1944,481225,TN,2,1
1945,481410,NY,2,3
1946,481438,NJ,2,3
1947,482149,GA,1,1
1948,482158,GA,1,1
1949,482185,WA,5,3
1950,482228,IN,2,3
1951,482413,NY,3,2
1952,482422,AZ,3,2
1953,482431,CA,3,2
1954,482440,CO,3,2
1955,482459,FL,3,2
1956,482468,GA,3,2
1957,482477,IL,3,2
1958,482486,IN,3,2
1959,482538,MO,3,2
1960,482547,NV,3,2
1961,482556,NJ,3,2
1962,482565,NC,3,2
1963,482574,OH,3,2
1964,482608,PA,3,2
1965,482617,TN,3,2
1966,482635,TX,3,2
1967,482653,VA,3,2
1968,482680,GA,1,1
1969,482936,FL,1,1
1970,483018,OH,2,5
1971,483124,AZ,1,2
1972,483814,VA,6,3
1973,484473,FL,1,1
1974,484905,TX,1,1
1975,485272,FL,3,3
1976,485856,PA,5,3
1977,485999,NY,2,3
1978,486017,NY,2,3
1979,486026,NY,2,3
1980,486053,MN,2,1
1981,486123,CA,6,3
1982,486196,NY,2,3
1983,486284,MN,2,3
1984,486488,CA,2,3
1985,486512,FL,9,3
1986,486840,GA,1,1
1987,486901,TN,2,1
1988,486938,NV,3,2
1989,486947,MI,3,2
1990,486956,NJ,3,2
1991,486965,CA,3,3
1992,487092,GA,5,1
1993,487375,NV,3,3
1994,487524,ME,2,1
1995,487588,MS,6,3
1996,487658,LA,5,3
1997,487746,NY,2,3
1998,487977,WV,6,3
1999,488226,FL,9,3
2000,488271,WA,9,3
2001,488305,NY,5,5
2002,488314,NJ,2,3
2003,488350,NJ,2,3
2004,488590,OR,8,3
2005,488785,CA,2,1
2006,489344,NC,3,2
2007,489353,CA,3,2
2008,489937,NC,2,1
2009,490054,FL,3,3
2010,490063,CA,3,3
2011,490133,CA,3,2
2012,490179,FL,3,5
2013,490203,MO,5,3
2014,490319,NJ,2,3
2015,490328,NY,2,3
2016,490382,NH,9,3
2017,490498,LA,8,2
2018,490504,NY,2,3
2019,490513,NJ,2,3
2020,490805,IN,1,1
2021,491057,NY,2,3
2022,491288,WI,1,1
2023,491297,WI,1,1
2024,491303,WI,4,1
2025,491446,NY,5,3
2026,491491,CA,2,3
2027,491525,IN,2,2
2028,491613,NJ,2,3
2029,491622,NJ,2,3
2030,491631,MD,2,3
2031,491640,NJ,2,3
2032,491710,NJ,2,3
2033,491765,NJ,2,3
2034,491817,NJ,5,3
2035,491914,NJ,2,3
2036,492476,PR,2,3
2037,492759,LA,3,2
2038,493318,CA,6,3
